100.000000, 0, 0, 1
100.822844, 0, 0, 1
100.943541, 0, 0, 1
101.444017, 0, 0, 1
100.901448, 0, 0, 1
100.917241, 0, 0, 1
100.676284, 0, 0, 1
100.984127, 0, 0, 1
100.522092, 0, 0, 1
100.400288, 0, 0, 1
100.766187, 0, 0, 1
100.657803, 0, 0, 1
100.834257, 0, 0, 1
101.158875, 0, 0, 1
101.456400, 0, 0, 1
100.812142, 0, 0, 1
101.586577, 0, 0, 1
101.094057, 0, 0, 1
100.929508, 0, 0, 1
100.894047, 0, 0, 1
100.541583, 0, 0, 1
100.375571, 0, 0, 1
100.239530, 0, 0, 1
100.248860, 0, 0, 1
100.464272, 0, 0, 1
100.920856, 0, 0, 1
101.108216, 0, 0, 1
101.272217, 0, 0, 1
101.250411, 0, 0, 1
101.391606, 0, 0, 1
101.569539, 0, 0, 1
101.885629, 0, 0, 1
102.066126, 0, 0, 1
102.411466, 0, 0, 1
102.452500, 0, 1, 0
103.934611, 0, 1, 0
105.607324, 0, 1, 0
106.872852, 0, 1, 0
107.831918, 0, 1, 0
107.689511, 0, 1, 0
107.140178, 0, 1, 0
108.090526, 0, 1, 0
109.548721, 0, 1, 0
108.255448, 0, 1, 0
106.640085, 0, 1, 0
109.757314, 0, 1, 0
111.322704, 0, 1, 0
109.227131, 0, 1, 0
111.452556, 0, 1, 0
110.240982, 0, 1, 0
110.425783, 0, 1, 0
108.413801, 0, 1, 0
112.955981, 0, 1, 0
115.010115, 0, 1, 0
117.103672, 0, 1, 0
116.819915, 0, 1, 0
116.564573, 0, 1, 0
116.862784, 0, 1, 0
118.143024, 0, 1, 0
116.955510, 0, 1, 0
117.744363, 0, 1, 0
119.395289, 0, 1, 0
118.722565, 0, 1, 0
120.186436, 0, 1, 0
120.019720, 0, 1, 0
120.309039, 0, 1, 0
121.382488, 0, 1, 0
121.675893, 0, 1, 0
121.648266, 0, 1, 0
120.850212, 0, 1, 0
124.043933, 0, 1, 0
123.825211, 0, 1, 0
123.860182, 0, 1, 0
122.207469, 0, 1, 0
120.083136, 0, 1, 0
120.973140, 0, 1, 0
119.241910, 0, 1, 0
117.916653, 0, 1, 0
118.499264, 0, 1, 0
115.796081, 0, 1, 0
115.349772, 0, 1, 0
113.582448, 0, 1, 0
111.830629, 0, 1, 0
113.121452, 0, 1, 0
115.572812, 0, 1, 0
116.938372, 0, 1, 0
118.335061, 0, 1, 0
117.435028, 0, 1, 0
118.103951, 0, 1, 0
117.807290, 0, 1, 0
115.683400, 0, 1, 0
116.878550, 0, 1, 0
116.721966, 0, 1, 0
117.797738, 0, 1, 0
114.985212, 0, 1, 0
111.680179, 0, 1, 0
114.034762, 0, 1, 0
114.105615, 0, 1, 0
115.349033, 0, 1, 0
113.322905, 0, 1, 0
112.200551, 0, 1, 0
111.485453, 0, 1, 0
110.749989, 0, 1, 0
109.541015, 0, 1, 0
108.070625, 0, 1, 0
110.374546, 0, 1, 0
109.159980, 0, 1, 0
110.389309, 0, 1, 0
110.828309, 0, 1, 0
116.183751, 0, 1, 0
117.725680, 0, 1, 0
115.951800, 0, 1, 0
117.705086, 0, 1, 0
118.674780, 0, 1, 0
118.528595, 0, 1, 0
116.700722, 0, 1, 0
114.205421, 0, 1, 0
111.991041, 0, 1, 0
108.194554, 0, 1, 0
106.192292, 0, 1, 0
107.278510, 0, 1, 0
106.722938, 0, 1, 0
107.775913, 0, 1, 0
104.957939, 0, 1, 0
100.951868, 0, 1, 0
101.346126, 0, 1, 0
100.185427, 0, 1, 0
102.599443, 0, 1, 0
104.588195, 0, 1, 0
102.774668, 0, 1, 0
103.899342, 0, 1, 0
102.738962, 0, 1, 0
104.200241, 0, 1, 0
108.160800, 0, 1, 0
111.116509, 0, 1, 0
109.098233, 0, 1, 0
107.112856, 0, 1, 0
105.992267, 0, 1, 0
102.381353, 0, 1, 0
101.641224, 0, 1, 0
100.009426, 0, 1, 0
102.330390, 0, 1, 0
102.511939, 0, 1, 0
103.990931, 0, 1, 0
105.702063, 0, 1, 0
107.236734, 0, 1, 0
109.811450, 0, 1, 0
112.305138, 0, 1, 0
110.875219, 0, 1, 0
111.502619, 0, 1, 0
111.856008, 0, 1, 0
114.160722, 0, 1, 0
113.940248, 0, 1, 0
117.172453, 0, 1, 0
118.185645, 0, 1, 0
118.239861, 0, 1, 0
117.480062, 0, 1, 0
117.831653, 0, 1, 0
118.888129, 0, 1, 0
116.509635, 0, 1, 0
116.419748, 0, 1, 0
117.191251, 0, 1, 0
114.673757, 0, 1, 0
116.758470, 0, 1, 0
113.594822, 0, 1, 0
115.483174, 0, 1, 0
117.443772, 0, 1, 0
116.899806, 0, 1, 0
114.274947, 0, 1, 0
114.321315, 0, 1, 0
114.897992, 0, 1, 0
116.367183, 0, 1, 0
114.919578, 0, 1, 0
115.888874, 0, 1, 0
113.359752, 0, 1, 0
112.326356, 0, 1, 0
110.792097, 0, 1, 0
109.692599, 0, 1, 0
109.403325, 0, 1, 0
107.982706, 0, 1, 0
105.558684, 0, 1, 0
108.884128, 0, 1, 0
112.678637, 0, 1, 0
114.311767, 0, 1, 0
118.127073, 0, 1, 0
120.398649, 0, 1, 0
120.679033, 0, 1, 0
119.970328, 0, 1, 0
116.521868, 0, 1, 0
118.377246, 0, 1, 0
121.309858, 0, 1, 0
122.949116, 0, 1, 0
122.502490, 0, 1, 0
120.358101, 0, 1, 0
118.325753, 0, 1, 0
117.590443, 0, 1, 0
120.000317, 0, 1, 0
122.268402, 0, 1, 0
119.643470, 0, 1, 0
117.744952, 0, 1, 0
116.532820, 0, 1, 0
114.586345, 0, 1, 0
113.197979, 0, 1, 0
111.742454, 0, 1, 0
111.660501, 0, 1, 0
111.673586, 0, 1, 0
116.393423, 0, 1, 0
115.995616, 0, 1, 0
114.119294, 0, 1, 0
118.596596, 0, 1, 0
115.871651, 0, 1, 0
115.843629, 0, 1, 0
117.544926, 0, 1, 0
117.482064, 0, 1, 0
117.574851, 0, 1, 0
116.131401, 0, 1, 0
116.750114, 0, 1, 0
119.484936, 0, 1, 0
119.362133, 0, 1, 0
120.206564, 0, 1, 0
118.592228, 0, 1, 0
115.970180, 0, 1, 0
118.119536, 0, 1, 0
116.884894, 0, 1, 0
117.791795, 0, 1, 0
118.303917, 0, 1, 0
120.099037, 0, 1, 0
119.380098, 0, 1, 0
119.387519, 0, 1, 0
120.187969, 0, 1, 0
120.064242, 0, 1, 0
117.088643, 0, 1, 0
114.348250, 0, 1, 0
115.574941, 0, 1, 0
118.013128, 0, 1, 0
119.448705, 0, 1, 0
117.190251, 0, 1, 0
115.968854, 0, 1, 0
115.074144, 0, 1, 0
116.441717, 0, 1, 0
116.485707, 0, 1, 0
119.565534, 0, 1, 0
119.745284, 0, 1, 0
117.101293, 0, 1, 0
117.237787, 0, 1, 0
118.048747, 0, 1, 0
117.341999, 0, 1, 0
119.205154, 0, 1, 0
117.610684, 0, 1, 0
117.185149, 0, 1, 0
115.782451, 0, 1, 0
112.910635, 0, 1, 0
112.230220, 0, 1, 0
114.532308, 0, 1, 0
115.908688, 0, 1, 0
115.887049, 0, 1, 0
114.469783, 0, 1, 0
115.051887, 0, 1, 0
110.893608, 0, 1, 0
110.158390, 0, 1, 0
110.025774, 0, 1, 0
107.696289, 0, 1, 0
111.933293, 0, 1, 0
112.011663, 0, 1, 0
113.994303, 0, 1, 0
114.601787, 0, 1, 0
112.128524, 0, 1, 0
114.164785, 0, 1, 0
113.024008, 0, 1, 0
112.175965, 0, 1, 0
113.638197, 0, 1, 0
115.982975, 0, 1, 0
115.743138, 0, 1, 0
117.701666, 0, 1, 0
115.193790, 0, 1, 0
114.169602, 0, 1, 0
110.309875, 0, 1, 0
111.910005, 0, 1, 0
113.478359, 0, 1, 0
113.063809, 0, 1, 0
109.794082, 0, 1, 0
110.221079, 0, 1, 0
112.844836, 0, 1, 0
111.987393, 0, 1, 0
113.368769, 0, 1, 0
111.139302, 0, 1, 0
111.685054, 0, 1, 0
106.724528, 0, 1, 0
109.539843, 0, 1, 0
111.580012, 0, 1, 0
111.171730, 0, 1, 0
111.437492, 0, 1, 0
112.168286, 0, 1, 0
112.037899, 0, 1, 0
112.108327, 0, 1, 0
112.353555, 0, 1, 0
116.917321, 0, 1, 0
115.354191, 0, 1, 0
116.080016, 0, 1, 0
116.381621, 0, 1, 0
115.800103, 0, 1, 0
117.200449, 0, 1, 0
114.107379, 0, 1, 0
112.503802, 0, 1, 0
113.269975, 0, 1, 0
110.182929, 0, 1, 0
109.113862, 0, 1, 0
107.892447, 0, 1, 0
106.216783, 0, 1, 0
103.721224, 0, 1, 0
101.503162, 0, 1, 0
101.747019, 0, 1, 0
100.657574, 0, 1, 0
102.489736, 0, 1, 0
99.020931, 0, 1, 0
97.337940, 0, 1, 0
97.495383, 0, 1, 0
95.627422, 0, 1, 0
95.931894, 0, 1, 0
97.868990, 0, 1, 0
95.375316, 0, 1, 0
97.843860, 0, 1, 0
95.550990, 0, 1, 0
98.032661, 0, 1, 0
100.607515, 0, 1, 0
96.665477, 0, 1, 0
94.911325, 0, 1, 0
97.267770, 0, 1, 0
95.268678, 0, 1, 0
94.348665, 0, 1, 0
93.320003, 0, 1, 0
92.699304, 0, 1, 0
92.088643, 0, 1, 0
91.868676, 0, 1, 0
92.389076, 0, 1, 0
93.196204, 0, 1, 0
90.823495, 0, 1, 0
90.517652, 0, 1, 0
88.900154, 0, 1, 0
92.070722, 0, 1, 0
91.180596, 0, 1, 0
88.729373, 0, 1, 0
87.403915, 0, 1, 0
85.673912, 0, 1, 0
86.610197, 0, 1, 0
86.095285, 0, 1, 0
86.297720, 0, 1, 0
85.614746, 0, 1, 0
86.336027, 0, 1, 0
87.822885, 0, 1, 0
90.460604, 0, 1, 0
87.489335, 0, 1, 0
88.569789, 0, 1, 0
91.983075, 0, 1, 0
90.464210, 0, 1, 0
93.186924, 0, 1, 0
95.097679, 0, 1, 0
94.502847, 0, 1, 0
95.758565, 0, 1, 0
93.510413, 0, 1, 0
94.199125, 0, 1, 0
92.552399, 0, 1, 0
92.677013, 0, 1, 0
91.311768, 0, 1, 0
91.599955, 0, 1, 0
94.510346, 0, 1, 0
93.264031, 0, 1, 0
92.433958, 0, 1, 0
93.697003, 0, 1, 0
95.221491, 0, 1, 0
93.524759, 0, 1, 0
96.908396, 0, 1, 0
100.370978, 0, 1, 0
99.566029, 0, 1, 0
102.316591, 0, 1, 0
105.545685, 0, 1, 0
106.484588, 0, 1, 0
106.903054, 0, 1, 0
111.544989, 0, 1, 0
110.000922, 0, 1, 0
112.530728, 0, 1, 0
113.077195, 0, 1, 0
113.347369, 0, 1, 0
113.724117, 0, 1, 0
113.216431, 0, 1, 0
113.051205, 0, 1, 0
112.389247, 0, 1, 0
110.366010, 0, 1, 0
107.888071, 0, 1, 0
107.994429, 0, 1, 0
108.210319, 0, 1, 0
109.589674, 0, 1, 0
111.003127, 0, 1, 0
109.255131, 0, 1, 0
111.776169, 0, 1, 0
112.216996, 0, 1, 0
114.565568, 0, 1, 0
115.538811, 0, 1, 0
116.530581, 0, 1, 0
115.004348, 0, 1, 0
114.316983, 0, 1, 0
116.663066, 0, 1, 0
116.903621, 0, 1, 0
114.215403, 0, 1, 0
115.640496, 0, 1, 0
115.723671, 0, 1, 0
119.042357, 0, 1, 0
119.123919, 0, 1, 0
121.526156, 0, 1, 0
118.578638, 0, 1, 0
119.786606, 0, 1, 0
117.793313, 0, 1, 0
116.790178, 0, 1, 0
114.977095, 0, 1, 0
114.506792, 0, 1, 0
109.577292, 0, 1, 0
109.031992, 0, 1, 0
109.172679, 0, 1, 0
109.754380, 0, 1, 0
109.419692, 0, 1, 0
109.561615, 0, 1, 0
109.018068, 0, 1, 0
109.010259, 0, 1, 0
109.615715, 0, 1, 0
111.645242, 0, 1, 0
112.124609, 0, 1, 0
110.206894, 0, 1, 0
113.884338, 0, 1, 0
114.048810, 0, 1, 0
116.503176, 0, 1, 0
115.867648, 0, 1, 0
114.992212, 0, 1, 0
115.310993, 0, 1, 0
115.611970, 0, 1, 0
115.420187, 0, 1, 0
115.858059, 0, 1, 0
113.402722, 0, 1, 0
114.754251, 0, 1, 0
111.901154, 0, 1, 0
112.791459, 0, 1, 0
114.764421, 0, 1, 0
112.517261, 0, 1, 0
111.578943, 0, 1, 0
114.007063, 0, 1, 0
114.522645, 0, 1, 0
115.955408, 0, 1, 0
114.828724, 0, 1, 0
114.169133, 0, 1, 0
111.446131, 0, 1, 0
112.325974, 0, 1, 0
109.059096, 0, 1, 0
107.852320, 0, 1, 0
110.184728, 0, 1, 0
110.126920, 0, 1, 0
109.731844, 0, 1, 0
110.812274, 0, 1, 0
110.467267, 0, 1, 0
108.431760, 0, 1, 0
109.912456, 0, 1, 0
110.287030, 0, 1, 0
113.111082, 0, 1, 0
113.443305, 0, 1, 0
114.597743, 0, 1, 0
116.047318, 0, 1, 0
116.095885, 0, 1, 0
115.896071, 0, 1, 0
114.369275, 0, 1, 0
113.176647, 0, 1, 0
113.940980, 0, 1, 0
112.580980, 0, 1, 0
110.474215, 0, 1, 0
109.256268, 0, 1, 0
109.698193, 0, 1, 0
110.602634, 0, 1, 0
110.305915, 0, 1, 0
109.699987, 0, 1, 0
106.145970, 0, 1, 0
108.100961, 0, 1, 0
106.817750, 0, 1, 0
108.569093, 0, 1, 0
108.490972, 0, 1, 0
110.347647, 0, 1, 0
110.732907, 0, 1, 0
111.870223, 0, 1, 0
111.802298, 0, 1, 0
109.633772, 0, 1, 0
107.930663, 0, 1, 0
107.279175, 0, 1, 0
107.044431, 0, 1, 0
109.038256, 0, 1, 0
111.067624, 0, 1, 0
109.353707, 0, 1, 0
110.362344, 0, 1, 0
107.834163, 0, 1, 0
108.551176, 0, 1, 0
110.899478, 0, 1, 0
111.519144, 0, 1, 0
110.289424, 0, 1, 0
108.915213, 0, 1, 0
112.422100, 0, 1, 0
112.771681, 0, 1, 0
116.852413, 0, 1, 0
119.258226, 0, 1, 0
120.369703, 0, 1, 0
118.094208, 0, 1, 0
117.985382, 0, 1, 0
115.939915, 0, 1, 0
114.361622, 0, 1, 0
110.765731, 0, 1, 0
110.341508, 0, 1, 0
110.565155, 0, 1, 0
111.468328, 0, 1, 0
110.775369, 0, 1, 0
108.841272, 0, 1, 0
107.929054, 0, 1, 0
108.226089, 0, 1, 0
106.509216, 0, 1, 0
106.501364, 0, 1, 0
107.857740, 0, 1, 0
107.305302, 0, 1, 0
106.661056, 0, 1, 0
106.030781, 0, 1, 0
105.544586, 0, 1, 0
105.701214, 0, 1, 0
108.618091, 0, 1, 0
106.927773, 0, 1, 0
107.955803, 0, 1, 0
106.876052, 0, 1, 0
105.499546, 0, 1, 0
104.821492, 0, 1, 0
107.604550, 0, 1, 0
106.217543, 0, 1, 0
105.362604, 0, 1, 0
107.269757, 0, 1, 0
106.860280, 0, 1, 0
108.597328, 0, 1, 0
107.198302, 0, 1, 0
106.729178, 0, 1, 0
107.974575, 0, 1, 0
107.439195, 0, 1, 0
106.240941, 0, 1, 0
106.655408, 0, 1, 0
107.791327, 0, 1, 0
106.326734, 0, 1, 0
106.153765, 0, 1, 0
106.535201, 0, 1, 0
108.363269, 0, 1, 0
107.445974, 0, 1, 0
107.596569, 0, 1, 0
103.347423, 0, 1, 0
107.430667, 0, 1, 0
108.263832, 0, 1, 0
109.349877, 0, 1, 0
111.632517, 0, 1, 0
114.144472, 0, 1, 0
117.760648, 0, 1, 0
116.596013, 0, 1, 0
119.422469, 0, 1, 0
120.656931, 0, 1, 0
121.713069, 0, 1, 0
120.812814, 0, 1, 0
121.604889, 0, 1, 0
123.327877, 0, 1, 0
123.295645, 0, 1, 0
121.334636, 0, 1, 0
122.778461, 0, 1, 0
120.341230, 0, 1, 0
118.563567, 0, 1, 0
119.083588, 0, 1, 0
120.030105, 0, 1, 0
117.628526, 0, 1, 0
116.377145, 0, 1, 0
115.890716, 0, 1, 0
113.835880, 0, 1, 0
112.648285, 0, 1, 0
110.861685, 0, 1, 0
110.878048, 0, 1, 0
108.650701, 0, 1, 0
109.656440, 0, 1, 0
112.512179, 0, 1, 0
112.741883, 0, 1, 0
112.433294, 0, 1, 0
113.112223, 0, 1, 0
113.887966, 0, 1, 0
114.648084, 0, 1, 0
114.292929, 0, 1, 0
115.492075, 0, 1, 0
116.726313, 0, 1, 0
112.631148, 0, 1, 0
113.193557, 0, 1, 0
113.575564, 0, 1, 0
113.748275, 0, 1, 0
113.358922, 0, 1, 0
114.761776, 0, 1, 0
113.684438, 0, 1, 0
114.186404, 0, 1, 0
110.503155, 0, 1, 0
113.071976, 0, 1, 0
109.510925, 0, 1, 0
110.120770, 0, 1, 0
110.155827, 0, 1, 0
109.265241, 0, 1, 0
107.393660, 0, 1, 0
106.328487, 0, 1, 0
105.187907, 0, 1, 0
101.270540, 0, 1, 0
101.571467, 0, 1, 0
99.882852, 0, 1, 0
100.803393, 0, 1, 0
101.611401, 0, 1, 0
101.334514, 0, 1, 0
102.859345, 0, 1, 0
101.317783, 0, 1, 0
99.381878, 0, 1, 0
98.521049, 0, 1, 0
100.219897, 0, 1, 0
102.575558, 0, 1, 0
104.289982, 0, 1, 0
104.359517, 0, 1, 0
107.919160, 0, 1, 0
106.952530, 0, 1, 0
107.006021, 0, 1, 0
107.316651, 0, 1, 0
110.835770, 0, 1, 0
111.379614, 0, 1, 0
111.466544, 0, 1, 0
112.937472, 0, 1, 0
112.572255, 0, 1, 0
113.237467, 0, 1, 0
116.329758, 0, 1, 0
114.013575, 0, 1, 0
113.369426, 0, 1, 0
113.876387, 0, 1, 0
113.744596, 0, 1, 0
114.188615, 0, 1, 0
114.204934, 0, 1, 0
112.267843, 0, 1, 0
108.544329, 0, 1, 0
108.218842, 0, 1, 0
106.170511, 0, 1, 0
105.618746, 0, 1, 0
104.626878, 0, 1, 0
103.685294, 0, 1, 0
100.650518, 0, 1, 0
102.539520, 0, 1, 0
103.409354, 0, 1, 0
106.054138, 0, 1, 0
107.642593, 0, 1, 0
107.453037, 0, 1, 0
107.947650, 0, 1, 0
108.793740, 0, 1, 0
109.031016, 0, 1, 0
108.818934, 0, 1, 0
108.588515, 0, 1, 0
109.449555, 0, 1, 0
105.986788, 0, 1, 0
110.338048, 0, 1, 0
109.459389, 0, 1, 0
110.477818, 0, 1, 0
108.784872, 0, 1, 0
110.814897, 0, 1, 0
112.371893, 0, 1, 0
112.334012, 0, 1, 0
113.449157, 0, 1, 0
112.647948, 0, 1, 0
112.649369, 0, 1, 0
113.740050, 0, 1, 0
115.762546, 0, 1, 0
116.328923, 0, 1, 0
116.810601, 0, 1, 0
116.750810, 0, 1, 0
119.917824, 0, 1, 0
122.217650, 0, 1, 0
119.974714, 0, 1, 0
118.725446, 0, 1, 0
121.768873, 0, 1, 0
121.609493, 0, 1, 0
122.975755, 0, 1, 0
124.547386, 0, 1, 0
123.830478, 0, 1, 0
123.139240, 0, 1, 0
127.308698, 0, 1, 0
127.009496, 0, 1, 0
124.256088, 0, 1, 0
126.862411, 0, 1, 0
125.680368, 0, 1, 0
125.279859, 0, 1, 0
126.031135, 0, 1, 0
125.497319, 0, 1, 0
123.468652, 0, 1, 0
124.470265, 0, 1, 0
124.706596, 0, 1, 0
122.687738, 0, 1, 0
124.525528, 0, 1, 0
122.788723, 0, 1, 0
123.884188, 0, 1, 0
122.718404, 0, 1, 0
124.344377, 0, 1, 0
126.019144, 0, 1, 0
125.185330, 0, 1, 0
125.214976, 0, 1, 0
126.895984, 0, 1, 0
125.867698, 0, 1, 0
124.624832, 0, 1, 0
123.579610, 0, 1, 0
122.998384, 0, 1, 0
123.247495, 0, 1, 0
122.801416, 0, 0, 1
122.577237, 0, 0, 1
121.996571, 0, 0, 1
121.291457, 0, 0, 1
121.729312, 0, 0, 1
122.108995, 0, 0, 1
122.458470, 0, 0, 1
122.661650, 0, 0, 1
122.409714, 0, 0, 1
122.212708, 0, 0, 1
122.156339, 0, 0, 1
121.889764, 0, 0, 1
121.972885, 0, 0, 1
122.458261, 0, 0, 1
122.656519, 0, 0, 1
122.627087, 0, 0, 1
122.557895, 0, 0, 1
122.553932, 0, 0, 1
122.698101, 0, 0, 1
122.568139, 0, 0, 1
122.260743, 0, 0, 1
121.702415, 0, 0, 1
121.998045, 0, 0, 1
121.984701, 0, 0, 1
122.199358, 0, 0, 1
121.823339, 0, 0, 1
121.814427, 0, 0, 1
121.883770, 0, 0, 1
121.970206, 0, 0, 1
121.401131, 0, 0, 1
121.441517, 0, 0, 1
120.120695, 0, 1, 0
120.570966, 0, 1, 0
123.159513, 0, 1, 0
119.772856, 0, 1, 0
120.582501, 0, 1, 0
120.317163, 0, 1, 0
120.736103, 0, 1, 0
118.459777, 0, 1, 0
120.453625, 0, 1, 0
121.431018, 0, 1, 0
122.856478, 0, 1, 0
121.214590, 0, 1, 0
120.973621, 0, 1, 0
123.257951, 0, 1, 0
125.014378, 0, 1, 0
124.586904, 0, 1, 0
125.576436, 0, 1, 0
127.752340, 0, 1, 0
129.941157, 0, 1, 0
131.407572, 0, 1, 0
131.177264, 0, 1, 0
129.519805, 0, 1, 0
130.572844, 0, 1, 0
131.828692, 0, 1, 0
131.559295, 0, 1, 0
130.649396, 0, 1, 0
129.066528, 0, 1, 0
129.199258, 0, 1, 0
130.461720, 0, 1, 0
133.456385, 0, 1, 0
132.812358, 0, 1, 0
130.890336, 0, 1, 0
132.111272, 0, 1, 0
128.817073, 0, 1, 0
126.646548, 0, 1, 0
126.050386, 0, 1, 0
123.943204, 0, 1, 0
122.124934, 0, 1, 0
119.689570, 0, 1, 0
118.837156, 0, 1, 0
116.155786, 0, 1, 0
115.660605, 0, 1, 0
113.768126, 0, 1, 0
115.328324, 0, 1, 0
113.307629, 0, 1, 0
113.075480, 0, 1, 0
113.208248, 0, 1, 0
113.307003, 0, 1, 0
112.299634, 0, 1, 0
114.343051, 0, 1, 0
113.521198, 0, 1, 0
114.103424, 0, 1, 0
114.608781, 0, 1, 0
116.526321, 0, 1, 0
117.323836, 0, 1, 0
117.656953, 0, 1, 0
115.942590, 0, 1, 0
116.191120, 0, 1, 0
117.968985, 0, 1, 0
120.281834, 0, 1, 0
121.282328, 0, 1, 0
120.791881, 0, 1, 0
119.746246, 0, 1, 0
121.455679, 0, 1, 0
123.360383, 0, 1, 0
123.953690, 0, 1, 0
123.700027, 0, 1, 0
119.907207, 0, 1, 0
119.673465, 0, 1, 0
116.283890, 0, 1, 0
116.192655, 0, 1, 0
113.903822, 0, 1, 0
113.249005, 0, 1, 0
116.088376, 0, 1, 0
116.417769, 0, 1, 0
113.591093, 0, 1, 0
115.273064, 0, 1, 0
115.569771, 0, 1, 0
116.705743, 0, 1, 0
117.867636, 0, 1, 0
120.379221, 0, 1, 0
122.385199, 0, 1, 0
122.858599, 0, 1, 0
123.311885, 0, 1, 0
123.944377, 0, 1, 0
123.519848, 0, 1, 0
126.015813, 0, 1, 0
120.722235, 0, 1, 0
119.233252, 0, 1, 0
121.253241, 0, 1, 0
116.906521, 0, 1, 0
116.899126, 0, 1, 0
117.188482, 0, 1, 0
114.644813, 0, 1, 0
113.283352, 0, 1, 0
114.752015, 0, 1, 0
112.960973, 0, 1, 0
111.329019, 0, 1, 0
112.460705, 0, 1, 0
111.140993, 0, 1, 0
111.933670, 0, 1, 0
111.289234, 0, 1, 0
113.627263, 0, 1, 0
111.542264, 0, 1, 0
113.701698, 0, 1, 0
112.984264, 0, 1, 0
116.302065, 0, 1, 0
116.294729, 0, 1, 0
116.152473, 0, 1, 0
116.775921, 0, 1, 0
113.648426, 0, 1, 0
113.883900, 0, 1, 0
108.607472, 0, 1, 0
111.549970, 0, 1, 0
113.317599, 0, 1, 0
116.849116, 0, 1, 0
116.218562, 0, 1, 0
115.436060, 0, 1, 0
116.726147, 0, 1, 0
116.834251, 0, 1, 0
116.020468, 0, 1, 0
115.670434, 0, 1, 0
117.282740, 0, 1, 0
116.500077, 0, 1, 0
120.162955, 0, 1, 0
121.104374, 0, 1, 0
121.839515, 0, 1, 0
120.288035, 0, 1, 0
119.548537, 0, 1, 0
121.144779, 0, 1, 0
123.229636, 0, 1, 0
123.022911, 0, 1, 0
123.758856, 0, 1, 0
123.708570, 0, 1, 0
125.337409, 0, 1, 0
127.914019, 0, 1, 0
125.780477, 0, 1, 0
123.873412, 0, 1, 0
122.353174, 0, 1, 0
122.338778, 0, 1, 0
118.744389, 0, 1, 0
121.211545, 0, 1, 0
121.871037, 0, 1, 0
119.241971, 0, 1, 0
118.635941, 0, 1, 0
117.351183, 0, 1, 0
114.060045, 0, 1, 0
113.956003, 0, 1, 0
113.660000, 0, 1, 0
111.822459, 0, 1, 0
107.428700, 0, 1, 0
103.873341, 0, 1, 0
103.696313, 0, 1, 0
103.553118, 0, 1, 0
103.778218, 0, 1, 0
102.929837, 0, 1, 0
106.649795, 0, 1, 0
104.509591, 0, 1, 0
101.573336, 0, 1, 0
103.392395, 0, 1, 0
103.884929, 0, 1, 0
106.465592, 0, 1, 0
109.747382, 0, 1, 0
107.683980, 0, 1, 0
104.999298, 0, 1, 0
107.395648, 0, 1, 0
109.365583, 0, 1, 0
108.437763, 0, 1, 0
108.072545, 0, 1, 0
108.542761, 0, 1, 0
107.618034, 0, 1, 0
110.204823, 0, 1, 0
110.562592, 0, 1, 0
114.105026, 0, 1, 0
110.622124, 0, 1, 0
110.869246, 0, 1, 0
107.593259, 0, 1, 0
106.849219, 0, 1, 0
105.210566, 0, 1, 0
106.234741, 0, 1, 0
103.504916, 0, 1, 0
102.739128, 0, 1, 0
101.158912, 0, 1, 0
100.630719, 0, 1, 0
100.373002, 0, 1, 0
99.131304, 0, 1, 0
96.984321, 0, 1, 0
98.686310, 0, 1, 0
96.919379, 0, 1, 0
100.028392, 0, 1, 0
100.731988, 0, 1, 0
102.221065, 0, 1, 0
101.382467, 0, 1, 0
102.574736, 0, 1, 0
102.938461, 0, 1, 0
100.644235, 0, 1, 0
98.857072, 0, 1, 0
99.257586, 0, 1, 0
98.959100, 0, 1, 0
97.727479, 0, 1, 0
94.905952, 0, 1, 0
94.237393, 0, 1, 0
94.728457, 0, 1, 0
95.422986, 0, 1, 0
96.478026, 0, 1, 0
96.085761, 0, 1, 0
95.811941, 0, 1, 0
93.937498, 0, 1, 0
93.023010, 0, 1, 0
93.892199, 0, 1, 0
92.969538, 0, 1, 0
93.138175, 0, 1, 0
90.365441, 0, 1, 0
90.286168, 0, 1, 0
89.794724, 0, 1, 0
90.333341, 0, 1, 0
88.650130, 0, 1, 0
89.339953, 0, 1, 0
89.501325, 0, 1, 0
91.131267, 0, 1, 0
87.391162, 0, 1, 0
86.519523, 0, 1, 0
87.265114, 0, 1, 0
84.859969, 0, 1, 0
87.302017, 0, 1, 0
83.376221, 0, 1, 0
83.675354, 0, 1, 0
85.865180, 0, 1, 0
84.583449, 0, 1, 0
87.104237, 0, 1, 0
89.892827, 0, 1, 0
88.372448, 0, 1, 0
88.860247, 0, 1, 0
90.873158, 0, 1, 0
88.708016, 0, 1, 0
90.696438, 0, 1, 0
90.775217, 0, 1, 0
93.234767, 0, 1, 0
92.517177, 0, 1, 0
94.193393, 0, 1, 0
91.541004, 0, 1, 0
93.082537, 0, 1, 0
92.819216, 0, 1, 0
94.149913, 0, 1, 0
93.329654, 0, 1, 0
93.671291, 0, 1, 0
94.561295, 0, 1, 0
95.313626, 0, 1, 0
95.279276, 0, 1, 0
95.551523, 0, 1, 0
96.079806, 0, 1, 0
94.993870, 0, 1, 0
94.394463, 0, 1, 0
93.863719, 0, 1, 0
95.544847, 0, 1, 0
94.452911, 0, 1, 0
95.808380, 0, 1, 0
95.761080, 0, 1, 0
96.440103, 0, 1, 0
94.491138, 0, 1, 0
93.899433, 0, 1, 0
93.609081, 0, 1, 0
94.764092, 0, 1, 0
97.820104, 0, 1, 0
95.472997, 0, 1, 0
95.484541, 0, 1, 0
91.262984, 0, 1, 0
90.747389, 0, 1, 0
90.598284, 0, 1, 0
89.286373, 0, 1, 0
86.875897, 0, 1, 0
90.937034, 0, 1, 0
90.194154, 0, 1, 0
90.687462, 0, 1, 0
91.017723, 0, 1, 0
90.149804, 0, 1, 0
90.501472, 0, 1, 0
89.506097, 0, 1, 0
90.989750, 0, 1, 0
95.661446, 0, 1, 0
94.951369, 0, 1, 0
95.900408, 0, 1, 0
97.473242, 0, 1, 0
97.311616, 0, 1, 0
97.840780, 0, 1, 0
97.384836, 0, 1, 0
100.237032, 0, 1, 0
100.653963, 0, 1, 0
100.203984, 0, 1, 0
100.372061, 0, 1, 0
102.312598, 0, 1, 0
103.381928, 0, 1, 0
103.640508, 0, 1, 0
101.033058, 0, 1, 0
102.343601, 0, 1, 0
104.825753, 0, 1, 0
105.167420, 0, 1, 0
105.660923, 0, 1, 0
104.362786, 0, 1, 0
103.414994, 0, 1, 0
103.920175, 0, 1, 0
103.100040, 0, 1, 0
104.779569, 0, 1, 0
104.501555, 0, 1, 0
103.482179, 0, 1, 0
101.304072, 0, 1, 0
99.497642, 0, 1, 0
100.457789, 0, 1, 0
103.833523, 0, 1, 0
103.703085, 0, 1, 0
103.741779, 0, 1, 0
101.826777, 0, 1, 0
103.679748, 0, 1, 0
102.919528, 0, 1, 0
103.161823, 0, 1, 0
102.404873, 0, 1, 0
102.862586, 0, 1, 0
104.344888, 0, 1, 0
104.947084, 0, 1, 0
105.669289, 0, 1, 0
105.366036, 0, 1, 0
103.833816, 0, 1, 0
102.864922, 0, 1, 0
103.522067, 0, 1, 0
105.160854, 0, 1, 0
105.679119, 0, 1, 0
105.175738, 0, 1, 0
102.612440, 0, 1, 0
103.894401, 0, 1, 0
105.217787, 0, 1, 0
105.825937, 0, 1, 0
104.370625, 0, 1, 0
103.880694, 0, 1, 0
102.694975, 0, 1, 0
104.445949, 0, 1, 0
102.963535, 0, 1, 0
104.418211, 0, 1, 0
104.857304, 0, 1, 0
106.166465, 0, 1, 0
104.756221, 0, 1, 0
103.236619, 0, 1, 0
106.110229, 0, 1, 0
107.552811, 0, 1, 0
106.637006, 0, 1, 0
105.851297, 0, 1, 0
103.546646, 0, 1, 0
102.213711, 0, 1, 0
101.201451, 0, 1, 0
100.218284, 0, 1, 0
100.135089, 0, 1, 0
98.134583, 0, 1, 0
96.575952, 0, 1, 0
99.405206, 0, 1, 0
99.310887, 0, 1, 0
101.464708, 0, 1, 0
102.374289, 0, 1, 0
101.215075, 0, 1, 0
102.803267, 0, 1, 0
101.454673, 0, 1, 0
101.000044, 0, 1, 0
98.612991, 0, 1, 0
97.318400, 0, 1, 0
97.294059, 0, 0, 1
97.434780, 0, 0, 1
97.645559, 0, 0, 1
97.490608, 0, 0, 1
97.266187, 0, 0, 1
97.326770, 0, 0, 1
97.498842, 0, 0, 1
97.834262, 0, 0, 1
97.432265, 0, 0, 1
97.331758, 0, 0, 1
97.194954, 0, 0, 1
97.097663, 0, 0, 1
97.368897, 0, 0, 1
97.382877, 0, 0, 1
97.540575, 0, 0, 1
97.319407, 0, 0, 1
97.338899, 0, 0, 1
97.453183, 0, 0, 1
97.498306, 0, 0, 1
97.641766, 0, 0, 1
97.282751, 0, 0, 1
96.946471, 0, 0, 1
96.754110, 0, 0, 1
96.421673, 0, 0, 1
96.485437, 0, 0, 1
96.117306, 0, 0, 1
96.067211, 0, 0, 1
95.999878, 0, 0, 1
95.610194, 0, 0, 1
95.446907, 0, 0, 1
96.250614, 0, 0, 1
96.171088, 0, 0, 1
96.299890, 0, 0, 1
95.842811, 0, 0, 1
95.547955, 0, 0, 1
95.968035, 0, 0, 1
96.462804, 0, 0, 1
96.407426, 0, 0, 1
96.512116, 0, 0, 1
96.433291, 0, 0, 1
96.591497, 0, 0, 1
96.650151, 0, 0, 1
96.645576, 0, 0, 1
96.617505, 0, 0, 1
97.095437, 1, 0, 0
95.948744, 1, 0, 0
95.969232, 1, 0, 0
96.587184, 1, 0, 0
96.863517, 1, 0, 0
96.111555, 1, 0, 0
97.005583, 1, 0, 0
98.140504, 1, 0, 0
98.855325, 1, 0, 0
99.419229, 1, 0, 0
99.370288, 1, 0, 0
99.858008, 1, 0, 0
100.482338, 1, 0, 0
101.198742, 1, 0, 0
100.030918, 1, 0, 0
100.421266, 1, 0, 0
100.853663, 1, 0, 0
101.963125, 1, 0, 0
101.875464, 1, 0, 0
101.751732, 1, 0, 0
101.064401, 1, 0, 0
101.344862, 1, 0, 0
101.081132, 1, 0, 0
101.634137, 1, 0, 0
102.190626, 1, 0, 0
101.767686, 1, 0, 0
100.769458, 1, 0, 0
100.640111, 1, 0, 0
100.304916, 1, 0, 0
99.968292, 1, 0, 0
100.528745, 1, 0, 0
100.251719, 1, 0, 0
99.758973, 1, 0, 0
100.170035, 1, 0, 0
99.301906, 1, 0, 0
99.267221, 1, 0, 0
100.052841, 1, 0, 0
99.619869, 1, 0, 0
99.319829, 1, 0, 0
100.316123, 1, 0, 0
100.763757, 1, 0, 0
101.066004, 1, 0, 0
102.241169, 1, 0, 0
102.044985, 1, 0, 0
100.642909, 1, 0, 0
100.413865, 1, 0, 0
100.383326, 1, 0, 0
101.208285, 1, 0, 0
101.806868, 1, 0, 0
102.111052, 1, 0, 0
102.866986, 1, 0, 0
101.978060, 1, 0, 0
100.579131, 1, 0, 0
100.651810, 1, 0, 0
101.191456, 1, 0, 0
102.151533, 1, 0, 0
101.865799, 1, 0, 0
101.590813, 1, 0, 0
101.194989, 1, 0, 0
102.010162, 1, 0, 0
102.170545, 1, 0, 0
101.523263, 1, 0, 0
101.408911, 1, 0, 0
99.622670, 1, 0, 0
99.825084, 1, 0, 0
100.402304, 1, 0, 0
99.985272, 1, 0, 0
100.135910, 1, 0, 0
99.257717, 1, 0, 0
99.101332, 1, 0, 0
97.705383, 1, 0, 0
97.322778, 1, 0, 0
98.754693, 1, 0, 0
97.115385, 1, 0, 0
95.362424, 1, 0, 0
94.439644, 1, 0, 0
94.601532, 1, 0, 0
94.547554, 1, 0, 0
94.145965, 1, 0, 0
92.389438, 1, 0, 0
90.968394, 1, 0, 0
91.887469, 1, 0, 0
91.542673, 1, 0, 0
90.043153, 1, 0, 0
90.274356, 1, 0, 0
89.668144, 1, 0, 0
90.917884, 1, 0, 0
91.394739, 1, 0, 0
92.646131, 1, 0, 0
93.219950, 1, 0, 0
93.650652, 1, 0, 0
92.703289, 1, 0, 0
93.165676, 1, 0, 0
93.459040, 1, 0, 0
93.559965, 1, 0, 0
93.929060, 1, 0, 0
93.319830, 1, 0, 0
93.186114, 1, 0, 0
92.899373, 1, 0, 0
92.857960, 1, 0, 0
92.709821, 1, 0, 0
92.566293, 1, 0, 0
93.913029, 1, 0, 0
92.581802, 1, 0, 0
92.185376, 1, 0, 0
93.354101, 1, 0, 0
94.104260, 1, 0, 0
92.416206, 1, 0, 0
92.473859, 1, 0, 0
92.415308, 1, 0, 0
93.304796, 1, 0, 0
91.543723, 1, 0, 0
90.263342, 1, 0, 0
89.851357, 1, 0, 0
89.719091, 1, 0, 0
89.050859, 1, 0, 0
89.077664, 1, 0, 0
90.304913, 1, 0, 0
90.735387, 1, 0, 0
90.313160, 1, 0, 0
90.140711, 1, 0, 0
91.377087, 1, 0, 0
91.679273, 1, 0, 0
91.128965, 1, 0, 0
91.161206, 1, 0, 0
90.949719, 1, 0, 0
92.503559, 1, 0, 0
92.051910, 1, 0, 0
90.028656, 1, 0, 0
90.348925, 1, 0, 0
89.166435, 1, 0, 0
88.780427, 1, 0, 0
89.141260, 1, 0, 0
89.395985, 1, 0, 0
88.512033, 1, 0, 0
88.548276, 1, 0, 0
89.569927, 1, 0, 0
90.159358, 1, 0, 0
89.307187, 1, 0, 0
89.397838, 1, 0, 0
89.551853, 1, 0, 0
88.530559, 1, 0, 0
88.849527, 1, 0, 0
88.882722, 1, 0, 0
87.617175, 1, 0, 0
86.592125, 1, 0, 0
86.178984, 1, 0, 0
84.494206, 1, 0, 0
85.114093, 1, 0, 0
85.043314, 1, 0, 0
84.971807, 1, 0, 0
85.401533, 0, 0, 1
85.570590, 0, 0, 1
85.247158, 0, 0, 1
84.748104, 0, 0, 1
85.256346, 0, 0, 1
85.935447, 0, 0, 1
85.038413, 0, 0, 1
85.137093, 0, 0, 1
84.964660, 0, 0, 1
85.055320, 0, 0, 1
84.626841, 0, 0, 1
84.465256, 0, 0, 1
84.770705, 0, 0, 1
84.817437, 0, 0, 1
84.072534, 0, 0, 1
84.046397, 0, 0, 1
84.101758, 0, 0, 1
83.954178, 0, 0, 1
84.246691, 0, 0, 1
84.728605, 0, 0, 1
84.448246, 0, 0, 1
84.247716, 0, 0, 1
84.645046, 0, 0, 1
84.125987, 0, 0, 1
84.067457, 0, 0, 1
84.160823, 0, 0, 1
85.031866, 0, 0, 1
85.501717, 0, 0, 1
85.108281, 0, 0, 1
84.902384, 0, 0, 1
84.602811, 0, 0, 1
84.814588, 0, 0, 1
85.498775, 0, 0, 1
85.917551, 0, 0, 1
86.273247, 0, 0, 1
86.094007, 0, 0, 1
86.484779, 0, 0, 1
86.952736, 0, 0, 1
86.311088, 0, 0, 1
86.206421, 0, 0, 1
86.502879, 0, 0, 1
86.156312, 0, 0, 1
86.631569, 0, 0, 1
86.639817, 0, 0, 1
86.666634, 0, 0, 1
86.681625, 0, 0, 1
85.942260, 0, 0, 1
84.948885, 0, 0, 1
84.995438, 0, 0, 1
85.184351, 0, 0, 1
85.287877, 0, 0, 1
85.586053, 0, 0, 1
85.832546, 0, 0, 1
86.168168, 0, 0, 1
86.446422, 0, 0, 1
86.168912, 0, 0, 1
86.281596, 0, 0, 1
85.706088, 0, 0, 1
85.415948, 0, 0, 1
86.001819, 0, 0, 1
85.872198, 0, 0, 1
85.603365, 0, 0, 1
85.354797, 0, 0, 1
85.482824, 0, 0, 1
85.709602, 0, 0, 1
85.186017, 0, 0, 1
85.344264, 0, 0, 1
85.239705, 0, 0, 1
84.808250, 0, 0, 1
84.905102, 0, 0, 1
85.052038, 0, 0, 1
84.950544, 0, 0, 1
84.766060, 0, 0, 1
84.770986, 0, 0, 1
84.818354, 0, 0, 1
83.889387, 0, 0, 1
83.849306, 0, 0, 1
84.039557, 0, 0, 1
84.293156, 0, 0, 1
84.231769, 0, 0, 1
84.136577, 0, 0, 1
84.474201, 0, 0, 1
84.472856, 0, 0, 1
84.718134, 0, 0, 1
85.445719, 0, 0, 1
85.572845, 0, 0, 1
85.224315, 0, 0, 1
85.662774, 0, 0, 1
86.186434, 0, 0, 1
86.683427, 0, 0, 1
87.121462, 0, 0, 1
87.784608, 0, 0, 1
87.504414, 0, 0, 1
87.623624, 0, 0, 1
87.144800, 0, 0, 1
87.368964, 0, 0, 1
87.779316, 0, 0, 1
87.436129, 0, 0, 1
87.621030, 0, 0, 1
87.607386, 0, 0, 1
87.580265, 0, 0, 1
88.067373, 0, 0, 1
87.986470, 0, 0, 1
87.977446, 0, 0, 1
88.390732, 0, 0, 1
87.947964, 0, 0, 1
88.033128, 0, 0, 1
88.033190, 0, 0, 1
88.155034, 0, 0, 1
88.509126, 0, 0, 1
88.616039, 0, 0, 1
88.396793, 0, 0, 1
88.845750, 0, 0, 1
88.661966, 0, 0, 1
88.184336, 1, 0, 0
87.753628, 1, 0, 0
87.171665, 1, 0, 0
87.178903, 1, 0, 0
88.025567, 1, 0, 0
88.318540, 1, 0, 0
89.267925, 1, 0, 0
88.350851, 1, 0, 0
88.301885, 1, 0, 0
89.899977, 1, 0, 0
89.884402, 1, 0, 0
89.043320, 1, 0, 0
89.065184, 1, 0, 0
88.732954, 1, 0, 0
88.507265, 1, 0, 0
88.538158, 1, 0, 0
87.902660, 1, 0, 0
87.970978, 1, 0, 0
88.373843, 1, 0, 0
87.239829, 1, 0, 0
86.889902, 1, 0, 0
87.863932, 1, 0, 0
87.470368, 1, 0, 0
86.609492, 1, 0, 0
86.814108, 1, 0, 0
86.500967, 1, 0, 0
86.507431, 1, 0, 0
86.936326, 1, 0, 0
86.716742, 1, 0, 0
85.569694, 1, 0, 0
85.179815, 1, 0, 0
84.704611, 1, 0, 0
85.343510, 1, 0, 0
85.432556, 1, 0, 0
84.562487, 1, 0, 0
85.340789, 1, 0, 0
84.892541, 1, 0, 0
84.793260, 1, 0, 0
85.152999, 1, 0, 0
85.400996, 1, 0, 0
85.674767, 1, 0, 0
84.829468, 1, 0, 0
85.601288, 1, 0, 0
86.877411, 1, 0, 0
87.411176, 1, 0, 0
86.636764, 1, 0, 0
86.784529, 1, 0, 0
87.293199, 1, 0, 0
87.328301, 1, 0, 0
86.272635, 1, 0, 0
86.042827, 1, 0, 0
85.682797, 1, 0, 0
85.343697, 1, 0, 0
86.881618, 1, 0, 0
86.088273, 1, 0, 0
86.475366, 1, 0, 0
87.756748, 1, 0, 0
86.927806, 1, 0, 0
86.429613, 1, 0, 0
85.514429, 1, 0, 0
86.046590, 1, 0, 0
85.639865, 1, 0, 0
86.138771, 1, 0, 0
86.327177, 1, 0, 0
86.291611, 1, 0, 0
85.086975, 1, 0, 0
84.119780, 1, 0, 0
83.418051, 1, 0, 0
82.901296, 1, 0, 0
82.396853, 1, 0, 0
81.153108, 1, 0, 0
82.234305, 1, 0, 0
83.484428, 1, 0, 0
84.457950, 1, 0, 0
85.201892, 1, 0, 0
85.227521, 1, 0, 0
85.424509, 1, 0, 0
85.258624, 1, 0, 0
85.507095, 1, 0, 0
84.539880, 1, 0, 0
84.179186, 1, 0, 0
83.803978, 1, 0, 0
84.044221, 1, 0, 0
83.324402, 1, 0, 0
83.148811, 1, 0, 0
83.232059, 1, 0, 0
83.808225, 1, 0, 0
84.072472, 1, 0, 0
83.999283, 1, 0, 0
83.297731, 1, 0, 0
82.777627, 1, 0, 0
82.974410, 1, 0, 0
82.506785, 1, 0, 0
82.126498, 1, 0, 0
82.517480, 1, 0, 0
82.337662, 1, 0, 0
82.428499, 1, 0, 0
82.142078, 1, 0, 0
81.426702, 1, 0, 0
80.563008, 1, 0, 0
81.086325, 1, 0, 0
80.922674, 1, 0, 0
80.098559, 1, 0, 0
80.496959, 1, 0, 0
79.276000, 1, 0, 0
78.770668, 1, 0, 0
78.783971, 1, 0, 0
79.153684, 1, 0, 0
79.081368, 1, 0, 0
79.445825, 1, 0, 0
79.687185, 1, 0, 0
79.770957, 1, 0, 0
79.862204, 1, 0, 0
79.907351, 1, 0, 0
80.494328, 1, 0, 0
80.770484, 1, 0, 0
81.107322, 1, 0, 0
81.380341, 1, 0, 0
80.986537, 1, 0, 0
80.669681, 1, 0, 0
81.436397, 1, 0, 0
81.217056, 1, 0, 0
81.135238, 1, 0, 0
81.766931, 1, 0, 0
81.177110, 1, 0, 0
81.629809, 1, 0, 0
81.338072, 1, 0, 0
81.246739, 1, 0, 0
80.590301, 1, 0, 0
80.744281, 1, 0, 0
79.907206, 1, 0, 0
78.444466, 1, 0, 0
78.995674, 1, 0, 0
78.943284, 1, 0, 0
79.740942, 1, 0, 0
80.599182, 1, 0, 0
81.382260, 1, 0, 0
81.478192, 1, 0, 0
81.455001, 1, 0, 0
82.619652, 1, 0, 0
81.461850, 1, 0, 0
82.011855, 1, 0, 0
81.994920, 1, 0, 0
81.162993, 1, 0, 0
80.674214, 1, 0, 0
81.872489, 1, 0, 0
81.031291, 1, 0, 0
81.737098, 1, 0, 0
82.063412, 1, 0, 0
82.697451, 1, 0, 0
81.921618, 1, 0, 0
82.356643, 1, 0, 0
82.528775, 1, 0, 0
81.868510, 1, 0, 0
82.069732, 1, 0, 0
81.817785, 1, 0, 0
81.419844, 1, 0, 0
81.150439, 1, 0, 0
81.124294, 1, 0, 0
80.711343, 1, 0, 0
81.970138, 1, 0, 0
81.418334, 1, 0, 0
82.315070, 1, 0, 0
82.493924, 1, 0, 0
83.028628, 1, 0, 0
81.767499, 1, 0, 0
80.490708, 1, 0, 0
80.701703, 1, 0, 0
80.082241, 1, 0, 0
79.990610, 1, 0, 0
79.592553, 1, 0, 0
79.711590, 1, 0, 0
79.615454, 1, 0, 0
79.674475, 1, 0, 0
79.461530, 1, 0, 0
79.778258, 1, 0, 0
80.939596, 1, 0, 0
80.837521, 1, 0, 0
80.998923, 1, 0, 0
81.554324, 1, 0, 0
82.165462, 1, 0, 0
81.281324, 1, 0, 0
80.131214, 1, 0, 0
79.632523, 1, 0, 0
79.455375, 1, 0, 0
79.164521, 1, 0, 0
79.152068, 1, 0, 0
78.855492, 1, 0, 0
79.268328, 1, 0, 0
79.101248, 1, 0, 0
79.146029, 1, 0, 0
78.691777, 1, 0, 0
79.617007, 1, 0, 0
79.939682, 1, 0, 0
80.382552, 1, 0, 0
81.410561, 1, 0, 0
82.139739, 1, 0, 0
83.108676, 1, 0, 0
82.850071, 1, 0, 0
84.755987, 1, 0, 0
84.459840, 1, 0, 0
85.162258, 1, 0, 0
85.978289, 1, 0, 0
86.134261, 1, 0, 0
85.645486, 1, 0, 0
84.902918, 1, 0, 0
83.434602, 1, 0, 0
84.189502, 1, 0, 0
83.614976, 1, 0, 0
82.895526, 1, 0, 0
83.118898, 1, 0, 0
83.179526, 1, 0, 0
82.638982, 1, 0, 0
82.287877, 1, 0, 0
82.820387, 1, 0, 0
81.757482, 1, 0, 0
81.315068, 1, 0, 0
81.342205, 1, 0, 0
81.980456, 1, 0, 0
81.743353, 1, 0, 0
82.750244, 1, 0, 0
81.896800, 1, 0, 0
82.984569, 1, 0, 0
82.824362, 1, 0, 0
82.569157, 1, 0, 0
83.528030, 1, 0, 0
83.487193, 1, 0, 0
82.604878, 1, 0, 0
82.429584, 1, 0, 0
83.455145, 1, 0, 0
82.615789, 1, 0, 0
82.716164, 1, 0, 0
83.034462, 1, 0, 0
83.418334, 1, 0, 0
83.491718, 1, 0, 0
83.225868, 1, 0, 0
83.962344, 1, 0, 0
83.847858, 1, 0, 0
84.517487, 1, 0, 0
84.586948, 1, 0, 0
84.643687, 1, 0, 0
83.939347, 1, 0, 0
83.884728, 1, 0, 0
83.869738, 1, 0, 0
83.711114, 1, 0, 0
82.583989, 1, 0, 0
83.214526, 1, 0, 0
82.760932, 1, 0, 0
83.469975, 1, 0, 0
83.484301, 1, 0, 0
83.713808, 1, 0, 0
84.205112, 1, 0, 0
84.339981, 1, 0, 0
85.417332, 1, 0, 0
86.645483, 1, 0, 0
86.687062, 1, 0, 0
87.403992, 1, 0, 0
86.644481, 1, 0, 0
85.219303, 1, 0, 0
85.253288, 1, 0, 0
86.001666, 1, 0, 0
85.143154, 1, 0, 0
84.737267, 1, 0, 0
83.657500, 1, 0, 0
81.814190, 1, 0, 0
81.363034, 1, 0, 0
82.058115, 1, 0, 0
83.505955, 1, 0, 0
83.277378, 1, 0, 0
82.965912, 1, 0, 0
83.439827, 1, 0, 0
84.857088, 1, 0, 0
86.449790, 1, 0, 0
85.823815, 1, 0, 0
85.280139, 1, 0, 0
84.424654, 1, 0, 0
84.704088, 1, 0, 0
84.583681, 1, 0, 0
84.386523, 1, 0, 0
84.894960, 1, 0, 0
84.923494, 1, 0, 0
86.835878, 1, 0, 0
87.073415, 1, 0, 0
88.260050, 1, 0, 0
89.187152, 1, 0, 0
88.935612, 1, 0, 0
88.891047, 1, 0, 0
89.998492, 1, 0, 0
91.598516, 1, 0, 0
92.453478, 1, 0, 0
92.177436, 1, 0, 0
92.438289, 1, 0, 0
93.671943, 1, 0, 0
93.309109, 1, 0, 0
93.543078, 1, 0, 0
93.311145, 1, 0, 0
92.734209, 1, 0, 0
92.986381, 1, 0, 0
92.682212, 1, 0, 0
93.467602, 1, 0, 0
94.180999, 1, 0, 0
95.497347, 1, 0, 0
95.849346, 1, 0, 0
95.578208, 1, 0, 0
95.007242, 1, 0, 0
94.622403, 1, 0, 0
94.798441, 1, 0, 0
93.319505, 1, 0, 0
93.891407, 1, 0, 0
94.431960, 1, 0, 0
94.071650, 1, 0, 0
94.466523, 1, 0, 0
94.068276, 1, 0, 0
94.661683, 1, 0, 0
94.299743, 1, 0, 0
94.618497, 1, 0, 0
93.982730, 1, 0, 0
94.150064, 1, 0, 0
94.555735, 1, 0, 0
95.314588, 1, 0, 0
95.742658, 1, 0, 0
95.595953, 1, 0, 0
95.471761, 1, 0, 0
95.993384, 1, 0, 0
95.105114, 1, 0, 0
95.764307, 1, 0, 0
96.376652, 1, 0, 0
96.177757, 0, 0, 1
95.868309, 0, 0, 1
95.680238, 0, 0, 1
95.782594, 0, 0, 1
95.819440, 0, 0, 1
96.438387, 0, 0, 1
96.584932, 0, 0, 1
96.594459, 0, 0, 1
96.707178, 0, 0, 1
96.038838, 0, 0, 1
96.026573, 0, 0, 1
95.710542, 0, 0, 1
95.850879, 0, 0, 1
95.561410, 0, 0, 1
96.214242, 0, 0, 1
96.174721, 0, 0, 1
96.281639, 0, 0, 1
96.070954, 0, 0, 1
96.131310, 0, 0, 1
96.312998, 0, 0, 1
95.858778, 0, 0, 1
96.173632, 0, 0, 1
95.825310, 0, 0, 1
95.874055, 0, 0, 1
95.797660, 0, 0, 1
95.509769, 0, 0, 1
95.342915, 0, 0, 1
95.927982, 0, 0, 1
96.408760, 0, 0, 1
96.402631, 0, 0, 1
96.666388, 0, 0, 1
96.540000, 0, 0, 1
96.433640, 0, 0, 1
95.936213, 0, 0, 1
95.364507, 0, 0, 1
94.428818, 0, 0, 1
94.684531, 0, 0, 1
94.297385, 0, 0, 1
94.249537, 1, 0, 0
95.148397, 1, 0, 0
95.350516, 1, 0, 0
95.033370, 1, 0, 0
94.627337, 1, 0, 0
93.602567, 1, 0, 0
93.054508, 1, 0, 0
92.810943, 1, 0, 0
91.711433, 1, 0, 0
90.863068, 1, 0, 0
90.424678, 1, 0, 0
89.398296, 1, 0, 0
89.544230, 1, 0, 0
88.542364, 1, 0, 0
87.306103, 1, 0, 0
86.470157, 1, 0, 0
85.746844, 1, 0, 0
85.687461, 1, 0, 0
85.506312, 1, 0, 0
86.128919, 1, 0, 0
86.184853, 1, 0, 0
86.014254, 1, 0, 0
85.871760, 1, 0, 0
85.487811, 1, 0, 0
85.308226, 1, 0, 0
85.854237, 1, 0, 0
86.792975, 1, 0, 0
87.022612, 1, 0, 0
87.350776, 1, 0, 0
87.361460, 1, 0, 0
88.317796, 1, 0, 0
88.369366, 1, 0, 0
88.975783, 1, 0, 0
89.548328, 1, 0, 0
89.439800, 1, 0, 0
89.659293, 1, 0, 0
88.659871, 1, 0, 0
88.258616, 1, 0, 0
89.336504, 1, 0, 0
90.231105, 1, 0, 0
90.334328, 1, 0, 0
90.411816, 1, 0, 0
90.945737, 1, 0, 0
91.894446, 1, 0, 0
92.478680, 1, 0, 0
92.051879, 1, 0, 0
91.755161, 1, 0, 0
91.486472, 1, 0, 0
92.264104, 1, 0, 0
91.465719, 1, 0, 0
92.189455, 1, 0, 0
90.795889, 1, 0, 0
90.203226, 1, 0, 0
90.798588, 1, 0, 0
89.549134, 1, 0, 0
89.622674, 1, 0, 0
90.254904, 1, 0, 0
89.916636, 1, 0, 0
89.360769, 1, 0, 0
89.244638, 1, 0, 0
90.220160, 1, 0, 0
89.582142, 1, 0, 0
88.680238, 1, 0, 0
88.646970, 1, 0, 0
88.281118, 1, 0, 0
89.154914, 1, 0, 0
87.894821, 1, 0, 0
88.770379, 1, 0, 0
88.537603, 1, 0, 0
88.053941, 1, 0, 0
88.008040, 1, 0, 0
87.440925, 1, 0, 0
86.742629, 1, 0, 0
86.086387, 1, 0, 0
85.170629, 1, 0, 0
84.660346, 1, 0, 0
85.070147, 1, 0, 0
84.784933, 1, 0, 0
85.531744, 1, 0, 0
86.430355, 1, 0, 0
86.701831, 1, 0, 0
87.072917, 1, 0, 0
87.264244, 1, 0, 0
86.729806, 1, 0, 0
87.972383, 1, 0, 0
87.197847, 1, 0, 0
87.653574, 1, 0, 0
87.789248, 1, 0, 0
87.162527, 1, 0, 0
86.541883, 1, 0, 0
86.254052, 1, 0, 0
86.891436, 1, 0, 0
87.031466, 1, 0, 0
87.247627, 1, 0, 0
87.725181, 1, 0, 0
88.307422, 1, 0, 0
88.157098, 1, 0, 0
87.908390, 1, 0, 0
87.869045, 1, 0, 0
87.778975, 1, 0, 0
89.044366, 1, 0, 0
89.951855, 1, 0, 0
89.576292, 1, 0, 0
90.315159, 1, 0, 0
90.874005, 1, 0, 0
90.790386, 1, 0, 0
89.969872, 1, 0, 0
89.660166, 1, 0, 0
89.205548, 1, 0, 0
88.857727, 1, 0, 0
88.970427, 1, 0, 0
89.241988, 1, 0, 0
89.199819, 1, 0, 0
90.015489, 1, 0, 0
90.702550, 1, 0, 0
90.679186, 1, 0, 0
89.719925, 1, 0, 0
90.970701, 1, 0, 0
91.331430, 1, 0, 0
90.377634, 1, 0, 0
89.562241, 1, 0, 0
90.739230, 1, 0, 0
91.597414, 1, 0, 0
91.318692, 1, 0, 0
91.028511, 1, 0, 0
91.061992, 1, 0, 0
91.017317, 1, 0, 0
90.112823, 1, 0, 0
90.313766, 1, 0, 0
89.304159, 1, 0, 0
88.903762, 1, 0, 0
89.497897, 1, 0, 0
89.830362, 1, 0, 0
90.324723, 1, 0, 0
90.900928, 1, 0, 0
90.968070, 1, 0, 0
91.147044, 1, 0, 0
90.402317, 1, 0, 0
89.988319, 1, 0, 0
91.112854, 1, 0, 0
90.715830, 1, 0, 0
89.890658, 1, 0, 0
89.821775, 1, 0, 0
89.300774, 1, 0, 0
88.650005, 1, 0, 0
88.820615, 1, 0, 0
87.336344, 1, 0, 0
86.594866, 1, 0, 0
85.800402, 1, 0, 0
85.549928, 1, 0, 0
85.258676, 1, 0, 0
83.715185, 1, 0, 0
83.977703, 1, 0, 0
83.737191, 1, 0, 0
84.940771, 1, 0, 0
84.675527, 1, 0, 0
85.635926, 1, 0, 0
85.133746, 1, 0, 0
84.668289, 1, 0, 0
84.909651, 1, 0, 0
82.194257, 1, 0, 0
82.736045, 1, 0, 0
82.154424, 1, 0, 0
82.567031, 1, 0, 0
82.124441, 1, 0, 0
81.759941, 1, 0, 0
83.298365, 1, 0, 0
84.220960, 1, 0, 0
85.047505, 1, 0, 0
85.085691, 1, 0, 0
85.596284, 1, 0, 0
85.469705, 1, 0, 0
85.818119, 1, 0, 0
85.421838, 1, 0, 0
85.122500, 1, 0, 0
84.196190, 1, 0, 0
84.681129, 1, 0, 0
84.542898, 1, 0, 0
84.298722, 1, 0, 0
82.419533, 1, 0, 0
81.419789, 1, 0, 0
82.182802, 1, 0, 0
81.809116, 1, 0, 0
81.791183, 1, 0, 0
82.293703, 1, 0, 0
81.835756, 1, 0, 0
83.268958, 1, 0, 0
83.198172, 1, 0, 0
84.122953, 1, 0, 0
85.320998, 1, 0, 0
85.070222, 1, 0, 0
85.114683, 0, 0, 1
85.191068, 0, 0, 1
85.187463, 0, 0, 1
84.884000, 0, 0, 1
84.066743, 0, 0, 1
84.116586, 0, 0, 1
83.747580, 0, 0, 1
83.966574, 0, 0, 1
84.137103, 0, 0, 1
84.170509, 0, 0, 1
84.417811, 0, 0, 1
84.553343, 0, 0, 1
84.280604, 0, 0, 1
84.262113, 0, 0, 1
83.635012, 0, 0, 1
84.231640, 0, 0, 1
83.932793, 0, 0, 1
84.360002, 0, 0, 1
84.716515, 0, 0, 1
84.479130, 0, 0, 1
84.328716, 0, 0, 1
84.395245, 0, 0, 1
84.923987, 0, 0, 1
85.110163, 0, 0, 1
84.806785, 0, 0, 1
84.507916, 0, 0, 1
84.441866, 0, 0, 1
84.217077, 0, 0, 1
84.426706, 0, 0, 1
85.091165, 0, 0, 1
85.281295, 0, 0, 1
85.593372, 0, 0, 1
86.546288, 0, 0, 1
85.574045, 0, 0, 1
85.884185, 0, 0, 1
85.425408, 0, 0, 1
